Host Searched For,Unique Exporter,Connections per Exporter,First Seen,Last Seen
141.207.249.235,10.1.1.254,247749,2019-01-02 15:38,2019-07-31 20:13
141.207.249.235,10.1.1.3,556704,2018-12-14 16:41,2019-07-31 20:13
141.207.249.235,10.1.1.4,755373,2018-12-14 15:31,2019-07-31 20:13
141.207.249.235,10.1.15.180,199,2019-05-20 12:51,2019-07-31 14:45
141.207.249.235,10.1.1.9,366078,2019-01-02 15:39,2019-05-15 19:44
141.207.249.235,10.1.2.225,106257,2019-01-02 15:40,2019-05-15 19:44
141.207.249.235,10.1.2.69,61217,2019-03-28 20:32,2019-07-31 20:13
141.207.249.235,10.1.4.32,60745,2019-05-20 17:55,2019-07-31 20:13
141.207.249.235,10.60.1.10,1099171,2018-12-14 15:31,2019-07-31 20:13
141.207.249.235,10.60.1.205,37,2019-02-26 14:48,2019-03-13 17:05
141.207.249.235,10.60.1.81,380,2019-05-01 15:34,2019-05-01 18:48
74.125.0.200,10.1.1.251,1728,2017-05-04 15:00,2019-07-09 20:21
74.125.0.200,10.1.1.252,154,2019-02-01 23:34,2019-07-22 14:51
74.125.0.200,10.1.1.254,7442,2018-09-07 19:50,2019-07-31 16:40
74.125.0.200,10.1.1.3,1357,2017-05-12 14:22,2019-07-31 16:39
74.125.0.200,10.1.1.4,1414,2017-05-04 15:00,2019-07-31 16:39
74.125.0.200,10.1.1.7,54,2019-02-01 23:35,2019-07-22 14:52
74.125.0.200,10.1.1.9,830,2018-09-07 19:50,2019-07-25 19:58
74.125.0.200,10.1.2.225,1020,2017-05-12 14:17,2019-05-16 12:30
74.125.0.200,10.1.2.69,764,2019-05-16 15:56,2019-07-31 16:40
74.125.0.200,10.1.4.32,755,2019-05-16 15:56,2019-07-31 16:39
74.125.0.200,10.60.1.10,1782,2017-05-04 15:00,2019-07-31 16:40
74.125.0.200,10.60.1.81,2,2019-05-01 16:12,2019-05-01 16:13
74.125.0.200,192.168.6.1,461,2018-09-20 13:59,2019-07-31 12:57
74.125.0.200,64.140.243.134,500,2017-05-04 15:00,2019-07-09 20:20
31.13.71.14,10.1.1.251,1057355,2017-04-07 16:21,2019-07-24 12:40
31.13.71.14,10.1.1.252,6430621,2017-04-12 12:21,2019-07-26 14:02
31.13.71.14,10.1.1.254,386559,2018-05-10 14:50,2019-07-31 20:11
31.13.71.14,10.1.1.3,470402,2017-04-07 20:11,2019-07-31 20:13
31.13.71.14,10.1.1.4,215021,2017-04-07 20:11,2019-07-31 20:00
31.13.71.14,10.1.15.180,64,2019-05-06 21:55,2019-07-24 14:34
31.13.71.14,10.1.1.7,14508,2018-05-29 21:54,2019-07-26 14:02
31.13.71.14,10.1.1.9,184137,2017-04-07 20:11,2019-07-30 16:58
31.13.71.14,10.1.2.225,708479,2017-04-07 16:21,2019-05-16 14:26
31.13.71.14,10.1.2.69,144793,2017-07-22 13:01,2019-07-31 20:12
31.13.71.14,10.1.4.32,549419,2017-04-07 16:21,2019-07-31 20:11
31.13.71.14,10.30.17.16,125610,2017-04-07 15:21,2019-07-31 19:00
31.13.71.14,10.60.1.10,369033,2017-04-07 20:11,2019-07-31 20:00
31.13.71.14,10.60.1.205,19,2019-02-28 18:17,2019-02-28 18:22
31.13.71.14,10.60.1.81,143,2019-05-01 15:37,2019-05-01 18:48
31.13.71.14,192.168.6.1,91277,2017-04-17 17:32,2019-07-31 19:21
31.13.71.14,64.140.243.134,387707,2017-04-07 16:21,2019-07-24 12:40
31.13.71.7,10.1.1.251,5069380,2017-04-07 14:31,2019-07-30 16:02
31.13.71.7,10.1.1.252,298440713,2017-04-07 23:16,2019-07-31 17:00
31.13.71.7,10.1.1.254,2907031,2018-05-10 14:38,2019-07-31 20:13
31.13.71.7,10.1.1.3,2565347,2017-04-07 14:31,2019-07-31 20:13
31.13.71.7,10.1.1.4,1292475,2017-04-07 14:31,2019-07-31 20:02
31.13.71.7,10.1.15.180,238,2018-12-13 21:55,2019-07-30 20:47
31.13.71.7,10.1.1.7,37998,2017-04-08 18:41,2019-07-31 17:00
31.13.71.7,10.1.1.9,1276260,2017-04-07 14:31,2019-07-31 14:34
31.13.71.7,10.1.2.225,36932582,2017-04-07 14:31,2019-05-16 14:27
31.13.71.7,10.1.2.69,752819,2017-07-17 15:29,2019-07-31 20:13
31.13.71.7,10.1.4.32,232423232,2017-04-07 14:31,2019-07-31 20:13
31.13.71.7,10.2.1.2,646929,2017-08-15 23:52,2019-07-31 20:12
31.13.71.7,10.30.17.16,1069437,2017-04-07 14:41,2019-07-31 19:35
31.13.71.7,10.30.187.250,1881311,2018-06-12 21:25,2019-07-31 20:07
31.13.71.7,10.60.1.10,2328467,2017-04-07 14:31,2019-07-31 20:02
31.13.71.7,10.60.1.205,102,2019-02-26 20:27,2019-03-26 13:39
31.13.71.7,10.60.1.81,687,2019-05-01 15:33,2019-05-01 18:49
31.13.71.7,10.60.1.82,26,2019-05-07 13:18,2019-05-07 13:23
31.13.71.7,192.168.1.1,39061,2017-04-07 15:01,2019-03-28 22:23
31.13.71.7,192.168.11.1,1134,2017-04-29 17:30,2019-04-09 14:44
31.13.71.7,192.168.6.1,231493,2017-04-07 14:51,2019-07-31 19:26
31.13.71.7,192.168.7.1,34681,2017-04-07 14:31,2019-07-25 17:46
31.13.71.7,64.140.243.134,1704931,2017-04-07 14:31,2019-07-30 16:02
104.88.39.10,10.1.1.251,2510,2018-12-14 15:20,2019-07-03 14:24
104.88.39.10,10.1.1.252,27949,2018-12-17 17:50,2019-07-31 18:46
104.88.39.10,10.1.1.254,15142,2018-12-14 15:31,2019-07-31 19:24
104.88.39.10,10.1.1.3,18344,2018-12-14 20:53,2019-07-31 18:20
104.88.39.10,10.1.1.4,4221,2018-12-14 15:21,2019-07-31 17:09
104.88.39.10,10.1.15.180,8,2019-06-10 14:29,2019-07-31 18:20
104.88.39.10,10.1.1.7,11087,2018-12-17 17:50,2019-07-31 18:46
104.88.39.10,10.1.1.9,2604,2018-12-14 15:31,2019-07-31 19:25
104.88.39.10,10.1.2.225,3419,2018-12-14 15:31,2019-05-15 15:45
104.88.39.10,10.1.2.69,2222,2019-05-16 15:15,2019-07-31 19:25
104.88.39.10,10.1.4.32,2400,2019-05-16 15:16,2019-07-31 19:24
104.88.39.10,10.60.1.10,7133,2018-12-14 15:21,2019-07-31 17:09
104.88.39.10,64.140.243.134,23298,2018-12-14 15:21,2019-07-31 18:21
69.31.116.72,10.1.1.254,482,2019-06-17 16:14,2019-07-31 16:34
69.31.116.72,10.1.1.3,234,2019-06-17 16:15,2019-07-31 16:34
69.31.116.72,10.1.1.4,232,2019-07-31 14:34,2019-07-31 16:34
69.31.116.72,10.1.2.69,268,2019-06-17 16:15,2019-07-31 16:34
69.31.116.72,10.1.4.32,273,2019-06-17 16:15,2019-07-31 16:34
69.31.116.72,10.60.1.10,255,2019-07-31 14:36,2019-07-31 16:34
165.254.6.17,10.1.1.251,358,2019-06-20 13:11,2019-07-30 19:37
165.254.6.17,10.1.1.252,1567,2019-04-18 19:08,2019-07-31 20:12
165.254.6.17,10.1.1.254,26510,2019-05-01 18:54,2019-07-31 18:59
165.254.6.17,10.1.1.3,3160,2019-04-18 19:09,2019-07-31 18:59
165.254.6.17,10.1.1.4,2213,2019-05-14 15:17,2019-07-31 18:29
165.254.6.17,10.1.1.7,1365,2019-05-20 15:20,2019-07-31 20:13
165.254.6.17,10.1.1.9,1058,2019-05-01 18:54,2019-07-31 14:05
165.254.6.17,10.1.2.225,20,2019-05-01 18:55,2019-05-14 15:19
165.254.6.17,10.1.2.69,5628,2019-05-16 16:36,2019-07-31 18:59
165.254.6.17,10.1.4.32,5743,2019-05-16 16:36,2019-07-31 18:59
165.254.6.17,10.60.1.10,2293,2019-05-14 15:17,2019-07-31 18:28
165.254.6.17,64.140.243.134,168,2019-04-18 19:09,2019-07-31 20:12
10.1.5.2,10.1.1.251,331204187,2017-04-07 14:41,2019-07-31 20:08
10.1.5.2,10.1.1.252,83242566,2017-04-07 14:31,2019-07-31 20:13
10.1.5.2,10.1.1.254,211729483,2018-05-10 14:37,2019-07-31 20:13
10.1.5.2,10.1.1.3,676563490,2017-04-07 14:31,2019-07-31 20:13
10.1.5.2,10.1.1.4,97269840,2017-04-07 14:31,2019-07-31 20:13
10.1.5.2,10.1.15.180,910349612,2017-04-07 14:31,2019-07-31 20:07
10.1.5.2,10.1.1.7,9016403,2017-04-07 15:26,2019-07-31 20:13
10.1.5.2,10.1.1.9,85990097,2017-04-07 14:31,2019-07-31 20:13
10.1.5.2,10.1.2.225,1038914112,2017-04-07 14:31,2019-07-31 20:08
10.1.5.2,10.1.2.69,257589981,2017-07-14 21:05,2019-07-31 20:13
10.1.5.2,10.1.4.208,3232943,2017-12-12 18:39,2019-04-16 19:57
10.1.5.2,10.1.4.32,1343670998,2017-04-07 14:31,2019-07-31 20:13
10.1.5.2,10.1.5.2,115355827,2017-04-07 14:31,2019-07-31 20:13
10.1.5.2,10.2.1.2,4961123,2017-08-15 23:52,2019-07-31 20:13
10.1.5.2,10.30.10.37,248512,2017-04-07 14:36,2019-07-31 20:13
10.1.5.2,10.30.17.16,1056196134,2017-04-07 14:31,2019-07-31 20:13
10.1.5.2,10.30.187.250,1847572415,2018-06-12 21:22,2019-07-31 20:13
10.1.5.2,10.60.1.10,173731974,2017-04-07 14:31,2019-07-31 20:13
10.1.5.2,10.60.1.205,29114,2019-02-26 14:42,2019-04-10 13:51
10.1.5.2,10.60.1.81,18592,2019-05-01 15:33,2019-05-01 18:49
10.1.5.2,10.60.1.82,624,2019-05-07 13:16,2019-05-07 13:23
10.1.5.2,127.0.0.1,13956532,2017-04-07 14:31,2019-07-31 20:13
10.1.5.2,192.168.1.1,5901431,2017-04-07 14:31,2019-03-29 20:11
10.1.5.2,192.168.11.1,2223,2017-04-14 15:02,2019-07-21 07:30
10.1.5.2,192.168.5.1,234779,2017-04-07 14:31,2019-07-31 20:02
10.1.5.2,192.168.6.1,26,2019-03-08 21:44,2019-05-31 20:17
10.1.5.2,192.168.7.1,1801220,2017-04-07 14:31,2019-07-31 18:46
10.1.4.240,10.1.1.251,14878836,2017-04-07 14:41,2019-07-31 20:12
10.1.4.240,10.1.1.252,6728998,2017-04-07 14:31,2019-07-31 20:13
10.1.4.240,10.1.1.254,177200,2018-05-10 14:40,2019-06-25 17:49
10.1.4.240,10.1.1.3,60336134,2017-04-07 14:31,2019-07-31 20:13
10.1.4.240,10.1.1.4,50742335,2017-04-07 14:31,2019-07-31 20:13
10.1.4.240,10.1.15.180,50860249,2017-04-07 14:31,2019-07-31 20:11
10.1.4.240,10.1.1.7,1742497,2017-04-08 18:56,2019-07-31 20:13
10.1.4.240,10.1.1.9,6135080,2017-04-07 14:31,2019-07-31 20:13
10.1.4.240,10.1.2.225,50584752,2017-04-07 14:31,2019-07-31 20:11
10.1.4.240,10.1.2.69,41030342,2017-07-14 21:05,2019-07-31 20:13
10.1.4.240,10.1.4.32,118402384,2017-04-07 14:31,2019-07-31 20:13
10.1.4.240,10.1.5.2,1591940,2017-04-07 14:31,2019-07-31 19:10
10.1.4.240,10.30.10.37,994270,2017-04-07 14:31,2019-07-31 20:13
10.1.4.240,10.30.17.16,1279297309,2017-04-07 14:31,2019-07-31 20:13
10.1.4.240,10.30.187.250,672734797,2018-06-12 21:22,2019-07-31 20:13
10.1.4.240,10.60.1.10,72981402,2017-04-07 14:31,2019-07-31 20:13
10.1.4.240,10.60.1.205,3456,2019-02-26 14:44,2019-04-10 13:51
10.1.4.240,10.60.1.81,9305,2019-05-01 15:33,2019-05-01 18:49
10.1.4.240,10.60.1.82,387,2019-05-07 13:15,2019-05-07 13:23
10.1.4.240,127.0.0.1,5187821,2017-04-11 12:56,2019-07-31 20:13
10.1.4.240,192.168.1.1,1208628,2017-04-07 14:31,2019-03-29 20:10
10.1.4.240,192.168.7.1,892826,2017-04-07 14:31,2019-07-26 09:36
10.1.1.3,10.1.1.251,3808199248,2017-04-07 14:31,2019-07-31 20:12
10.1.1.3,10.1.1.252,43833974,2017-04-13 23:52,2019-07-31 20:13
10.1.1.3,10.1.1.254,300794785,2018-08-14 18:01,2019-06-14 14:41
10.1.1.3,10.1.1.3,150417578,2017-04-07 14:31,2019-07-31 20:13
10.1.1.3,10.1.1.4,3717877,2017-04-07 14:31,2019-07-31 20:13
10.1.1.3,10.1.15.180,39430980,2017-04-07 14:31,2019-07-31 20:13
10.1.1.3,10.1.1.7,56266855,2017-04-07 14:31,2019-07-31 20:13
10.1.1.3,10.1.1.9,1960574,2017-04-07 14:31,2019-07-31 20:13
10.1.1.3,10.1.2.225,10460465,2017-04-07 14:31,2019-07-31 20:13
10.1.1.3,10.1.2.69,57778309,2017-07-14 21:05,2019-07-31 20:13
10.1.1.3,10.1.4.208,581335,2017-12-13 01:08,2019-04-16 19:27
10.1.1.3,10.1.4.32,136303635,2017-04-07 14:31,2019-07-31 20:13
10.1.1.3,10.30.10.37,1118786,2017-04-07 14:31,2019-07-31 20:13
10.1.1.3,10.30.17.16,7056737,2017-04-07 14:31,2019-07-31 20:13
10.1.1.3,10.30.187.250,84387536,2018-06-12 21:22,2019-07-31 20:13
10.1.1.3,10.60.1.10,92,2019-07-18 20:48,2019-07-18 20:49
10.1.1.3,10.60.1.81,941,2019-05-01 15:33,2019-05-01 18:48
10.1.1.3,10.60.1.82,32,2019-05-07 13:15,2019-05-07 13:23
10.1.1.3,127.0.0.1,14043659,2017-04-07 14:31,2019-07-31 20:13
10.1.1.3,64.140.243.134,148,2018-07-20 10:39,2019-05-26 01:16
69.192.109.199,10.1.1.251,21676,2018-11-26 14:55,2019-07-29 18:30
69.192.109.199,10.1.1.252,65780,2018-11-26 15:58,2019-07-31 20:10
69.192.109.199,10.1.1.254,1116798,2018-11-23 22:26,2019-07-31 20:13
69.192.109.199,10.1.1.3,476950,2018-11-23 22:27,2019-07-31 20:13
69.192.109.199,10.1.1.4,447937,2018-11-23 22:26,2019-07-31 20:13
69.192.109.199,10.1.15.180,76,2019-05-22 13:57,2019-07-31 18:36
69.192.109.199,10.1.1.7,57649,2018-12-07 20:01,2019-07-31 20:11
69.192.109.199,10.1.1.9,127845,2018-11-23 22:27,2019-07-31 19:12
69.192.109.199,10.1.2.225,133600,2018-11-23 22:27,2019-06-27 21:51
69.192.109.199,10.1.2.69,414105,2019-04-11 19:06,2019-07-31 20:13
69.192.109.199,10.1.4.32,390334,2019-04-11 19:06,2019-07-31 20:13
69.192.109.199,10.60.1.10,843420,2018-11-23 22:27,2019-07-31 20:13
69.192.109.199,10.60.1.81,633,2019-05-01 15:34,2019-05-01 18:44
69.192.109.199,10.60.1.82,42,2019-05-07 13:17,2019-05-07 13:20
69.192.109.199,192.168.7.1,483,2019-03-15 17:34,2019-07-23 14:03
69.192.109.199,64.140.243.134,20111,2018-11-26 14:55,2019-07-29 19:50
64.222.212.206,10.1.1.251,388,2018-07-05 20:27,2019-05-31 12:00
64.222.212.206,10.1.1.252,1497,2019-05-08 13:44,2019-07-31 17:55
64.222.212.206,10.1.1.254,463060,2018-06-19 19:35,2019-07-31 20:09
64.222.212.206,10.1.1.3,91751,2018-06-19 19:36,2019-07-31 20:04
64.222.212.206,10.1.1.4,100819,2018-06-19 19:36,2019-07-31 20:04
64.222.212.206,10.1.15.180,34,2019-05-20 13:19,2019-07-29 20:06
64.222.212.206,10.1.1.7,5490,2018-07-10 17:38,2019-07-31 17:55
64.222.212.206,10.1.1.9,82487,2018-06-19 19:35,2019-07-31 17:03
64.222.212.206,10.1.2.225,91594,2018-06-19 19:36,2019-05-16 14:25
64.222.212.206,10.1.2.69,22455,2019-01-12 12:31,2019-07-31 20:10
64.222.212.206,10.1.4.32,47467,2018-08-30 12:22,2019-07-31 20:09
64.222.212.206,10.60.1.10,129327,2018-06-19 19:36,2019-07-31 20:04
64.222.212.206,10.60.1.205,44,2019-02-28 17:26,2019-03-26 14:18
64.222.212.206,64.140.243.134,66,2018-07-05 20:26,2019-05-31 12:00
40.97.28.82,10.1.1.251,45463,2019-03-14 06:39,2019-07-31 13:10
40.97.28.82,10.1.1.252,42884,2019-03-14 06:40,2019-07-31 19:31
40.97.28.82,10.1.1.254,625050,2019-03-14 06:30,2019-07-31 20:13
40.97.28.82,10.1.1.3,500379,2019-03-14 06:30,2019-07-31 20:13
40.97.28.82,10.1.1.4,317856,2019-03-14 06:30,2019-07-31 20:13
40.97.28.82,10.1.15.180,63,2019-04-25 14:27,2019-07-31 18:16
40.97.28.82,10.1.1.7,18983,2019-03-14 06:39,2019-07-31 19:31
40.97.28.82,10.1.1.9,188947,2019-03-14 06:30,2019-07-31 20:13
40.97.28.82,10.1.2.225,185562,2019-03-14 06:31,2019-07-31 18:16
40.97.28.82,10.1.2.69,122100,2019-03-28 07:27,2019-07-31 20:13
40.97.28.82,10.1.4.32,217668,2019-03-28 07:27,2019-07-31 20:13
40.97.28.82,10.60.1.10,446730,2019-03-14 06:30,2019-07-31 20:13
40.97.28.82,10.60.1.205,262,2019-03-26 12:29,2019-04-10 13:34
40.97.28.82,10.60.1.81,925,2019-05-01 15:44,2019-05-01 18:42
40.97.28.82,10.60.1.82,45,2019-05-07 13:16,2019-05-07 13:23
40.97.28.82,192.168.1.1,4484,2019-03-14 10:38,2019-03-29 17:22
40.97.28.82,192.168.11.1,6,2019-07-15 15:24,2019-07-15 15:25
40.97.28.82,192.168.6.1,1024,2019-03-14 18:18,2019-07-30 18:50
40.97.28.82,192.168.7.1,13762,2019-03-14 11:45,2019-07-31 18:03
40.97.28.82,64.140.243.134,86868,2019-03-14 06:40,2019-07-31 17:30
40.97.230.178,10.1.1.251,216107,2018-06-29 16:32,2019-07-31 20:12
40.97.230.178,10.1.1.252,84556,2018-12-06 17:15,2019-07-31 20:13
40.97.230.178,10.1.1.254,1106757,2018-08-09 18:03,2019-07-31 20:13
40.97.230.178,10.1.1.3,854584,2018-06-29 16:42,2019-07-31 20:09
40.97.230.178,10.1.1.4,593468,2018-11-05 14:47,2019-07-31 19:53
40.97.230.178,10.1.15.180,108,2018-12-28 19:58,2019-07-31 18:43
40.97.230.178,10.1.1.7,54867,2018-09-19 18:46,2019-07-31 20:13
40.97.230.178,10.1.1.9,403940,2018-07-06 11:56,2019-07-31 20:09
40.97.230.178,10.1.2.225,411635,2018-08-09 18:02,2019-07-25 13:30
40.97.230.178,10.1.2.69,152214,2018-12-28 19:59,2019-07-31 20:13
40.97.230.178,10.1.4.32,271803,2018-11-21 12:19,2019-07-31 20:13
40.97.230.178,10.60.1.10,834971,2018-11-05 14:47,2019-07-31 19:53
40.97.230.178,10.60.1.205,349,2019-02-26 14:42,2019-04-03 13:59
40.97.230.178,10.60.1.81,1324,2019-05-01 15:34,2019-05-01 18:47
40.97.230.178,10.60.1.82,8,2019-05-07 13:20,2019-05-07 13:23
40.97.230.178,192.168.1.1,35618,2018-09-27 05:14,2019-03-29 10:37
40.97.230.178,192.168.6.1,3485,2018-12-27 14:24,2019-07-31 15:20
40.97.230.178,192.168.7.1,21479,2018-12-31 11:57,2019-07-29 09:58
40.97.230.178,64.140.243.134,274534,2018-07-01 12:11,2019-07-31 20:13
151.101.117.67,10.1.1.251,411955,2017-04-07 15:51,2019-07-03 14:22
151.101.117.67,10.1.1.252,44244,2017-07-06 16:21,2019-07-31 19:35
151.101.117.67,10.1.1.254,358744,2018-05-10 14:52,2019-07-31 19:34
151.101.117.67,10.1.1.3,608288,2017-04-07 15:56,2019-07-31 17:11
151.101.117.67,10.1.1.4,708567,2017-04-07 15:51,2019-07-31 17:12
151.101.117.67,10.1.15.180,12,2019-05-01 14:42,2019-05-20 13:20
151.101.117.67,10.1.1.7,32533,2018-05-23 21:02,2019-07-31 19:36
151.101.117.67,10.1.1.9,473522,2017-04-07 17:46,2019-07-31 19:35
151.101.117.67,10.1.2.225,541628,2017-04-07 15:51,2019-05-16 13:57
151.101.117.67,10.1.2.69,11839,2019-03-09 15:55,2019-07-31 19:35
151.101.117.67,10.1.4.32,13464,2019-05-01 14:42,2019-07-31 19:34
151.101.117.67,10.60.1.10,1329740,2017-04-07 15:51,2019-07-31 17:11
151.101.117.67,10.60.1.205,8,2019-03-11 16:06,2019-03-11 16:32
151.101.117.67,10.60.1.81,44,2019-05-01 17:09,2019-05-01 17:11
151.101.117.67,192.168.7.1,89,2019-03-28 11:14,2019-03-28 11:26
151.101.117.67,64.140.243.134,298235,2017-04-07 15:51,2019-07-31 19:36
40.97.230.2,10.1.1.251,192488,2018-04-24 06:07,2019-07-31 17:17
40.97.230.2,10.1.1.252,74000,2018-12-26 16:03,2019-07-31 20:13
40.97.230.2,10.1.1.254,1088221,2018-08-29 14:01,2019-07-31 20:13
40.97.230.2,10.1.1.3,840842,2018-04-24 06:07,2019-07-31 20:13
40.97.230.2,10.1.1.4,565692,2018-04-24 06:07,2019-07-31 20:13
40.97.230.2,10.1.15.180,109,2018-12-26 21:16,2019-07-31 13:13
40.97.230.2,10.1.1.7,49716,2018-12-26 16:03,2019-07-31 20:13
40.97.230.2,10.1.1.9,383537,2018-08-29 14:01,2019-07-31 20:13
40.97.230.2,10.1.2.225,382502,2018-08-29 14:15,2019-07-30 13:36
40.97.230.2,10.1.2.69,165388,2018-12-26 21:17,2019-07-31 20:13
40.97.230.2,10.1.4.32,291213,2018-11-21 02:19,2019-07-31 20:13
40.97.230.2,10.60.1.10,791159,2018-04-24 06:07,2019-07-31 20:13
40.97.230.2,10.60.1.205,2234,2019-02-26 16:09,2019-03-26 13:09
40.97.230.2,10.60.1.81,149,2019-05-01 15:33,2019-05-01 18:26
40.97.230.2,192.168.1.1,31314,2018-11-10 00:49,2019-03-29 19:58
40.97.230.2,192.168.6.1,3003,2018-12-27 15:12,2019-07-31 14:51
40.97.230.2,192.168.7.1,28419,2018-12-31 14:57,2019-07-31 14:17
40.97.230.2,64.140.243.134,246444,2018-04-24 06:06,2019-07-31 19:42
104.244.42.130,10.1.1.251,569156,2017-04-07 14:31,2019-05-02 03:17
104.244.42.130,10.1.1.252,771,2017-06-05 19:08,2019-07-02 21:42
104.244.42.130,10.1.1.254,372186,2018-05-10 14:37,2019-07-31 20:13
104.244.42.130,10.1.1.3,651251,2017-04-07 14:31,2019-07-31 20:13
104.244.42.130,10.1.1.4,458911,2017-04-07 22:36,2019-07-31 20:13
104.244.42.130,10.1.15.180,69,2019-01-09 13:43,2019-07-31 13:13
104.244.42.130,10.1.1.7,23186,2018-05-21 14:36,2019-07-02 21:42
104.244.42.130,10.1.1.9,441004,2017-04-11 11:26,2019-07-31 12:53
104.244.42.130,10.1.2.225,466931,2017-04-07 14:41,2019-05-16 13:55
104.244.42.130,10.1.2.69,54046,2019-01-07 19:22,2019-07-31 20:13
104.244.42.130,10.1.4.32,516305,2017-04-07 14:31,2019-07-31 20:13
104.244.42.130,10.60.1.10,662791,2017-04-07 22:36,2019-07-31 20:13
104.244.42.130,192.168.6.1,8681,2017-04-07 14:51,2019-07-30 13:14
104.244.42.130,64.140.243.134,168743,2017-04-07 14:41,2019-05-13 13:39
199.166.0.26,10.1.1.251,28740,2019-02-26 15:44,2019-07-30 19:37
199.166.0.26,10.1.1.252,18043,2019-02-26 15:45,2019-07-31 18:46
199.166.0.26,10.1.1.254,612568,2019-02-25 21:40,2019-07-31 19:59
199.166.0.26,10.1.1.3,97120,2019-02-25 21:40,2019-07-31 19:59
199.166.0.26,10.1.1.4,55357,2019-02-25 21:40,2019-07-31 19:59
199.166.0.26,10.1.15.180,18,2019-06-03 20:22,2019-07-31 17:39
199.166.0.26,10.1.1.7,6025,2019-02-26 15:45,2019-07-31 18:47
199.166.0.26,10.1.1.9,70259,2019-02-25 21:40,2019-07-31 19:33
199.166.0.26,10.1.2.225,82227,2019-02-25 21:40,2019-05-16 14:25
199.166.0.26,10.1.2.69,43526,2019-05-16 14:29,2019-07-31 19:59
199.166.0.26,10.1.4.32,41105,2019-05-16 14:29,2019-07-31 19:59
199.166.0.26,10.60.1.10,93975,2019-02-25 21:40,2019-07-31 19:59
199.166.0.26,10.60.1.81,133,2019-05-01 15:40,2019-05-01 18:25
199.166.0.26,10.60.1.82,2,2019-05-07 13:17,2019-05-07 13:18
199.166.0.26,192.168.1.1,362,2019-02-26 13:49,2019-03-25 12:16
199.166.0.26,192.168.6.1,2032,2019-02-26 16:16,2019-07-30 15:22
199.166.0.26,192.168.7.1,740,2019-02-28 12:56,2019-07-30 22:12
199.166.0.26,64.140.243.134,11585,2019-02-26 15:45,2019-07-30 19:37
74.125.0.24,10.1.1.251,3702,2017-04-10 12:36,2019-02-28 16:37
74.125.0.24,10.1.1.252,26,2019-02-05 16:37,2019-05-14 13:14
74.125.0.24,10.1.1.254,2768,2018-05-14 20:06,2019-07-31 16:25
74.125.0.24,10.1.1.3,1070,2017-04-25 15:32,2019-07-31 16:25
74.125.0.24,10.1.1.4,1101,2017-04-10 12:36,2019-07-31 16:25
74.125.0.24,10.1.1.7,7,2019-02-05 16:37,2019-02-28 16:38
74.125.0.24,10.1.1.9,528,2017-05-31 20:18,2019-07-24 18:51
74.125.0.24,10.1.2.225,607,2017-04-21 18:50,2019-05-14 13:12
74.125.0.24,10.1.2.69,189,2019-05-17 17:39,2019-07-31 16:25
74.125.0.24,10.1.4.32,140,2019-05-17 17:39,2019-07-31 16:25
74.125.0.24,10.60.1.10,1460,2017-04-10 12:36,2019-07-31 16:25
74.125.0.24,192.168.6.1,2666,2017-06-13 19:42,2019-07-24 12:23
74.125.0.24,64.140.243.134,464,2017-04-10 12:36,2019-02-28 16:38
